ID,Content Rating,Release Year,Running Time
M001,PG-13,2002,92
M002,R,2008,101
M003,PG-13,2006,144
M004,PG-13,2007,104
M005,PG,2006,102
M006,PG-13,1996,102
M007,R,1998,120
M008,PG,2000,95
M009,PG,1996,89
M010,R,2000,112
M011,PG-13,2001,102
M012,PG,2001,153
M013,R,1999,120
M014,PG-13,2006,130
M015,R,2001,131
M016,PG-13,2002,115
M017,PG-13,2008,126
M018,PG-13,2004,117
M019,R,2003,91
M020,PG-13,2009,121
M021,PG-13,2000,145
M022,G,2005,85
M023,PG-13,2003,95
M024,R,1997,135
M025,PG,2006,108
M026,R,2003,90
M027,G,2007,111
M028,PG-13,2006,118
M029,PG-13,2010,140
M030,PG-13,2010,114
M031,PG-13,1996,113
M032,PG-13,2008,90
M033,R,2001,159
M034,R,2009,120
M035,PG-13,2006,157
M036,PG-13,2007,91
M037,R,1999,139
M038,R,1999,112
M039,PG,2007,108
M040,R,2008,106
M041,R,1997,155
M042,PG,1999,116
M043,R,2000,116
M044,PG-13,2004,143
M045,PG-13,2001,83
M046,R,1999,118
M047,R,2008,105
M048,G,2001,115
M049,R,2004,109
M050,R,2001,131
M051,PG,2000,104
M052,PG,2005,83
M053,R,1996,121
M054,R,1996,115
M055,R,2003,152
M056,PG-13,1996,105
M057,R,1997,154
M058,PG-13,1997,119
M059,R,1998,86
M060,R,1998,166
M061,PG-13,1998,110
M062,PG-13,2003,138
M063,R,2006,136
M064,PG-13,2002,91
M065,R,2001,123
M066,R,2009,98
M067,PG,2002,81
M068,PG-13,2004,119
M069,R,2000,94
M070,PG-13,2007,110
M071,R,1999,116
M072,R,1997,152
M073,R,1999,110
M074,R,2007,95
M075,PG-13,1997,148
M076,R,1996,120
M077,PG,2002,95
M078,PG,2000,90
M079,PG-13,2005,115
M080,R,2006,132
M081,R,2003,113
M082,PG,2009,90
M083,PG,2004,120
M084,R,2003,137
M085,R,2001,104
M086,R,2007,128
M087,PG-13,1999,96
M088,PG-13,2006,116
M089,R,2003,136
M090,R,2005,126
M091,R,2009,85
M092,R,2002,125
M093,R,2001,111
M094,PG,2002,78
M095,PG-13,2005,113
M096,PG-13,2002,117
M097,R,2008,109
M098,PG-13,1996,110
M099,PG,1996,90
M100,PG,2002,86
M101,R,1999,111
M102,PG,2000,90
M103,PG,2001,95
M104,PG,2003,98
M105,R,2007,120
M106,R,2001,126
M107,PG-13,2004,94
M108,PG-13,2000,104
M109,R,1999,103
M110,PG-13,2000,123
M111,G,1999,88
M112,PG,1996,87
M113,PG,2003,105
M114,PG-13,2004,101
M115,PG-13,2001,91
M116,PG-13,2005,118
M117,R,2001,110
M118,PG-13,2008,84
M119,PG,2004,92
M120,PG-13,1996,117
M121,G,1998,96
M122,PG-13,1998,114
M123,R,2000,110
M124,R,1999,103
M125,R,1998,127
M126,R,1999,95
M127,PG-13,2007,138
M128,R,1997,177
M129,R,1997,95
M130,PG-13,2002,115
M131,PG-13,2003,133
M132,PG-13,2008,120
M133,R,1999,120
M134,PG-13,2005,113
M135,R,2005,122
M136,PG-13,2002,113
M137,PG-13,2007,167
M138,R,2004,129
M139,R,2004,127
M140,PG-13,2005,101
M141,R,2001,99
M142,PG-13,2006,95
M143,PG,1998,97
M144,PG-13,2000,116
M145,PG-13,1997,135
M146,PG-13,2002,95
M147,PG-13,1998,150
M148,R,1996,107
M149,PG-13,2001,89
M150,PG-13,2000,103
M151,R,2008,98
M152,R,2009,152
M153,PG-13,2004,124
M154,PG-13,1999,112
M155,R,1999,136
M156,PG-13,1998,136
M157,PG,2007,90
M158,R,1998,119
M159,PG-13,2000,93
M160,R,2004,118
M161,PG-13,1997,130
M162,PG-13,1996,115
M163,R,2009,108
M164,PG-13,1999,125
M165,R,1996,105
M166,R,1999,142
M167,R,2002,96
M168,PG-13,2001,91
M169,PG,1998,102
M170,R,1996,108
M171,R,1997,105
M172,R,1997,120
M173,PG-13,2009,107
M174,PG,2005,115
M175,PG-13,1999,137
M176,PG-13,2007,86
M177,PG-13,1996,95
M178,PG-13,1998,112
M179,PG-13,2003,116
M180,R,2000,118
M181,PG-13,2004,97
M182,PG-13,1997,92
M183,R,1999,123
M184,R,2003,139
M185,PG-13,2005,95
M186,PG-13,2009,104
M187,R,1996,111
M188,R,2009,93
M189,R,1998,102
M190,R,2002,96
M191,PG-13,2005,135
M192,PG-13,1998,120
M193,PG-13,2005,119
M194,PG,2007,92
M195,G,2001,95
M196,PG,1999,86
M197,R,2000,111
M198,PG-13,2009,99
M199,PG,1999,132
M200,R,1998,127
M201,R,2005,96
M202,PG-13,2001,87
M203,PG,2004,82
M204,R,2004,97
M205,PG-13,2005,157
M206,R,1997,129
M207,R,1997,137
M208,R,2001,100
M209,G,1996,94
M210,R,1999,95
M211,PG-13,2001,107
M212,PG-13,2006,101
M213,R,2000,88
M214,R,2003,102
M215,R,2000,98
M216,R,2000,119
M217,R,2007,108
M218,PG-13,2002,101
M219,R,2004,104
M220,PG,2001,98
M221,R,1997,152
M222,PG-13,2003,100
M223,R,2002,118
M224,PG-13,2004,119
M225,G,2006,98
M226,PG-13,2006,131
M227,PG-13,2005,80
M228,PG-13,2000,122
M229,PG-13,2002,106
M230,PG-13,2004,128
M231,PG-13,2002,103
M232,PG-13,1998,98
M233,PG-13,2002,121
M234,PG-13,2003,110
M235,R,2002,112
M236,PG-13,2000,144
M237,R,1997,120
M238,R,2003,138
M239,R,1997,115
M240,PG,2000,95
M241,PG-13,2000,107
M242,G,1998,75
M243,R,2006,136
M244,R,2007,117
M245,PG,2006,124
M246,PG-13,2003,107
M247,PG,1998,110
M248,PG-13,2006,112
M249,R,1999,159
M250,PG-13,2007,100
