ID,Content Rating,Release Year,Running Time,Rotten Tomatoes Rating
M001,PG-13,2002,92,
M002,R,2008,101,65
M003,PG-13,2006,144,94
M004,PG-13,2007,104,
M005,PG,2006,102,37
M006,PG-13,1996,102,50
M007,R,1998,120,64
M008,PG,2000,95,51
M009,PG,1996,89,16
M010,R,2000,112,28
M011,PG-13,2001,102,42
M012,PG,2001,153,
M013,R,1999,120,
M014,PG-13,2006,130,78
M015,R,2001,131,53
M016,PG-13,2002,115,
M017,PG-13,2008,126,94
M018,PG-13,2004,117,81
M019,R,2003,91,77
M020,PG-13,2009,121,32
M021,PG-13,2000,145,82
M022,G,2005,85,95
M023,PG-13,2003,95,20
M024,R,1997,135,51
M025,PG,2006,108,74
M026,R,2003,90,62
M027,G,2007,111,96
M028,PG-13,2006,118,24
M029,PG-13,2010,140,43
M030,PG-13,2010,114,40
M031,PG-13,1996,113,17
M032,PG-13,2008,90,73
M033,R,2001,159,67
M034,R,2009,120,
M035,PG-13,2006,157,76
M036,PG-13,2007,91,
M037,R,1999,139,82
M038,R,1999,112,92
M039,PG,2007,108,92
M040,R,2008,106,
M041,R,1997,155,50
M042,PG,1999,116,45
M043,R,2000,116,86
M044,PG-13,2004,143,33
M045,PG-13,2001,83,30
M046,R,1999,118,62
M047,R,2008,105,
M048,G,2001,115,
M049,R,2004,109,86
M050,R,2001,131,39
M051,PG,2000,104,53
M052,PG,2005,83,55
M053,R,1996,121,70
M054,R,1996,115,85
M055,R,2003,152,70
M056,PG-13,1996,105,
M057,R,1997,154,85
M058,PG-13,1997,119,55
M059,R,1998,86,39
M060,R,1998,166,78
M061,PG-13,1998,110,
M062,PG-13,2003,138,85
M063,R,2006,136,79
M064,PG-13,2002,91,40
M065,R,2001,123,
M066,R,2009,98,66
M067,PG,2002,81,77
M068,PG-13,2004,119,22
M069,R,2000,94,59
M070,PG-13,2007,110,26
M071,R,1999,116,22
M072,R,1997,152,92
M073,R,1999,110,48
M074,R,2007,95,8
M075,PG-13,1997,148,
M076,R,1996,120,69
M077,PG,2002,95,75
M078,PG,2000,90,49
M079,PG-13,2005,115,30
M080,R,2006,132,47
M081,R,2003,113,
M082,PG,2009,90,
M083,PG,2004,120,30
M084,R,2003,137,
M085,R,2001,104,53
M086,R,2007,128,63
M087,PG-13,1999,96,
M088,PG-13,2006,116,
M089,R,2003,136,30
M090,R,2005,126,77
M091,R,2009,85,82
M092,R,2002,125,85
M093,R,2001,111,
M094,PG,2002,78,83
M095,PG-13,2005,113,69
M096,PG-13,2002,117,10
M097,R,2008,109,98
M098,PG-13,1996,110,
M099,PG,1996,90,
M100,PG,2002,86,
M101,R,1999,111,67
M102,PG,2000,90,24
M103,PG,2001,95,12
M104,PG,2003,98,24
M105,R,2007,120,73
M106,R,2001,126,
M107,PG-13,2004,94,54
M108,PG-13,2000,104,82
M109,R,1999,103,22
M110,PG-13,2000,123,40
M111,G,1999,88,
M112,PG,1996,87,
M113,PG,2003,105,34
M114,PG-13,2004,101,64
M115,PG-13,2001,91,11
M116,PG-13,2005,118,58
M117,R,2001,110,79
M118,PG-13,2008,84,12
M119,PG,2004,92,89
M120,PG-13,1996,117,44
M121,G,1998,96,
M122,PG-13,1998,114,
M123,R,2000,110,84
M124,R,1999,103,92
M125,R,1998,127,88
M126,R,1999,95,47
M127,PG-13,2007,138,78
M128,R,1997,177,10
M129,R,1997,95,17
M130,PG-13,2002,115,
M131,PG-13,2003,133,42
M132,PG-13,2008,120,50
M133,R,1999,120,71
M134,PG-13,2005,113,31
M135,R,2005,122,
M136,PG-13,2002,113,88
M137,PG-13,2007,167,45
M138,R,2004,129,81
M139,R,2004,127,50
M140,PG-13,2005,101,5
M141,R,2001,99,25
M142,PG-13,2006,95,3
M143,PG,1998,97,79
M144,PG-13,2000,116,
M145,PG-13,1997,135,
M146,PG-13,2002,95,24
M147,PG-13,1998,150,42
M148,R,1996,107,63
M149,PG-13,2001,89,24
M150,PG-13,2000,103,30
M151,R,2008,98,9
M152,R,2009,152,88
M153,PG-13,2004,124,46
M154,PG-13,1999,112,38
M155,R,1999,136,86
M156,PG-13,1998,136,
M157,PG,2007,90,7
M158,R,1998,119,83
M159,PG-13,2000,93,
M160,R,2004,118,53
M161,PG-13,1997,130,11
M162,PG-13,1996,115,22
M163,R,2009,108,
M164,PG-13,1999,125,51
M165,R,1996,105,69
M166,R,1999,142,50
M167,R,2002,96,27
M168,PG-13,2001,91,58
M169,PG,1998,102,95
M170,R,1996,108,55
M171,R,1997,105,71
M172,R,1997,120,84
M173,PG-13,2009,107,84
M174,PG,2005,115,82
M175,PG-13,1999,137,
M176,PG-13,2007,86,2
M177,PG-13,1996,95,23
M178,PG-13,1998,112,61
M179,PG-13,2003,116,43
M180,R,2000,118,38
M181,PG-13,2004,97,18
M182,PG-13,1997,92,71
M183,R,1999,123,27
M184,R,2003,139,79
M185,PG-13,2005,95,
M186,PG-13,2009,104,
M187,R,1996,111,55
M188,R,2009,93,
M189,R,1998,102,
M190,R,2002,96,38
M191,PG-13,2005,135,51
M192,PG-13,1998,120,47
M193,PG-13,2005,119,81
M194,PG,2007,92,27
M195,G,2001,95,95
M196,PG,1999,86,97
M197,R,2000,111,81
M198,PG-13,2009,99,92
M199,PG,1999,132,38
M200,R,1998,127,78
M201,R,2005,96,
M202,PG-13,2001,87,
M203,PG,2004,82,70
M204,R,2004,97,2
M205,PG-13,2005,157,
M206,R,1997,129,60
M207,R,1997,137,99
M208,R,2001,100,
M209,G,1996,94,
M210,R,1999,95,59
M211,PG-13,2001,107,53
M212,PG-13,2006,101,76
M213,R,2000,88,
M214,R,2003,102,68
M215,R,2000,98,31
M216,R,2000,119,19
M217,R,2007,108,74
M218,PG-13,2002,101,
M219,R,2004,104,54
M220,PG,2001,98,
M221,R,1997,152,
M222,PG-13,2003,100,75
M223,R,2002,118,92
M224,PG-13,2004,119,29
M225,G,2006,98,78
M226,PG-13,2006,131,
M227,PG-13,2005,80,82
M228,PG-13,2000,122,62
M229,PG-13,2002,106,74
M230,PG-13,2004,128,60
M231,PG-13,2002,103,
M232,PG-13,1998,98,60
M233,PG-13,2002,121,
M234,PG-13,2003,110,17
M235,R,2002,112,76
M236,PG-13,2000,144,89
M237,R,1997,120,80
M238,R,2003,138,73
M239,R,1997,115,57
M240,PG,2000,95,
M241,PG-13,2000,107,
M242,G,1998,75,61
M243,R,2006,136,64
M244,R,2007,117,89
M245,PG,2006,124,16
M246,PG-13,2003,107,36
M247,PG,1998,110,44
M248,PG-13,2006,112,
M249,R,1999,159,78
M250,PG-13,2007,100,69
